Alegrete,Atividades de monitoria das Disciplinas de Física I. II e III para os cursos de Engenharia Civil. Elétrica. Mecânica e Telecomunicações,Luis Enrique Gomez Armas,01/05/2019 - 30/04/2020
Alegrete,Auxiliando o pnsamento lógico em disciplinas de programação,Arthur Francisco Lorenzon,01/04/2019 - 31/12/2019
Alegrete,Eletrotécnica AL0006 - T20,Márcio Stefanello,18/03/2019 - 13/07/2019
Alegrete,GEIHC  Grupo de Estudos em Interação Humano-Computador,Amanda Meincke Melo,15/04/2019 - 26/02/2021
Alegrete,História da Computação Pessoal - Uma abordagem Interativa,Marcelo Resende Thielo,12/03/2018 - 31/12/2019
Alegrete,Laboratório de Objetos de Aprendizagem (LOA),Maicon Bernardino da Silveira,27/03/2019 - 31/12/2019
Alegrete,Língua Japonesa - Escrita e Cultura,Celso Nobre da Fonseca,01/12/2018 - 01/12/2020
Alegrete,"Monitoria das disciplinas de Mecânica dos Solos, Obras de Terra e Fundações e Estruturas de Contenção",Diego Arthur Hartmann,20/03/2019 - 22/12/2019
Alegrete,Monitoria de Disciplinas de Programação,Marcelo Caggiani Luizelli,01/04/2019 - 31/12/2019
Alegrete,Monitoria de Eletrotécnica,Natalia Braun Chagas,01/04/2019 - 10/12/2019
Alegrete,Monitoria de Projeto de Estruturas Viárias e Terraplanagem e Movimentação de Terras,Jaelson Budny,20/03/2019 - 20/10/2019
Alegrete,Monitoria em disciplinas de geotecnia,Wilber Feliciano Chambi Tapahuasco,01/04/2019 - 31/12/2019
Alegrete,Monitoria em Resolução de Problemas (ES),Maicon Bernardino da Silveira,15/05/2019 - 20/12/2019
Alegrete,Monitoria na Disciplina de Circuitos Elétricos 1,Djeisson Hoffmann Thomas,03/08/2018 - 02/08/2019
Alegrete,Monitoria nas Componentes Curriculares do Núcleo de Eletrônica,Lucas Compassi Severo,01/04/2019 - 31/12/2019
Alegrete,monitoria para as disciplinas da área de cálculo,chiara valsecchi,01/04/2019 - 18/12/2019
Alegrete,Monitoria para disciplinas de desenhos técnicos e desenho técnico civil,Mauricio Silveira dos Santos,18/03/2019 - 31/12/2019
Alegrete,Monitoria para Disciplinas de Programação,Claudio Schepke,01/04/2019 - 31/12/2019
Alegrete,Monitoria para mecânica dos Sólidos e Análise de Estruturas,Fernanda,01/04/2019 - 18/12/2019
Alegrete,Monitoria Voluntária de Eletrotécnica,Lucas Santos Pereira,01/04/2019 - 13/07/2019
Alegrete,Montagem de metodologia para execução de ensaios triaxiais no laboratório de Geotecnia e Pavimentos da UNIPAMPA campus Alegrete.,Jaelson Budny,20/03/2019 - 31/12/2020
Alegrete,Plano de Trabalho de Monitoria em Física,Leandro Antônio Thesing,25/03/2019 - 15/07/2021
Alegrete,Plano de Trabalho Monitoria Área Térmica,Adriano Carotenuto,11/03/2019 - 10/07/2019
Alegrete,Processos metalúrgicos,Aldoni Gabriel Wiedenhoft,21/05/2018 - 21/05/2019
Alegrete,PRODUÇÃO DE MATERIAL DIDÁTICO AUDIOVISUAL PARA MELHORIA DO PROCESSO ENSINO-APRENDIZAGEM NA DISCIPLINA DE MATERIAIS DE CONSTRUÇÃO CIVIL - II,Simone Dornelles venquiaruto,01/04/2018 - 01/04/2020
Alegrete,Projeto de monitoria para Teoria da Computação,Letícia Gindri,13/09/2018 - 19/07/2019
Alegrete,Projeto e fabricação de matriz de forjamento didática,Leandro Antônio Thesing,01/04/2019 - 20/12/2019
Alegrete,Proposta de monitoria das disciplinas de mecanização agrícola da Unipampa Campus Alegrete,Vilnei de Oliveira Dias,01/04/2019 - 31/12/2019
Bagé,Monitoria das disciplinas de Desenho Técnico I e Desenho Técnico II,ALEXANDRO GULARTE SCHAFER,01/05/2019 - 31/12/2019
Bagé,A hora do Astro conto,Cecília Petinga Irala,01/03/2018 - 31/12/2019
Bagé,Aperfeiçoamento de aulas práticas de Fenômenos de Transferência de Calor nos cursos de Engenharia do campus Bagé,Ana Rosa Costa Muniz,01/05/2019 - 31/12/2019
Bagé,Apoio Presencial à Atividades Experimentais e Teóricas em Química,Fabiana Cristina Missau,01/05/2019 - 31/12/2019
Bagé,Atividades de Geometria Analítica com o GeoGebra,Claudia Laus Angelo,11/03/2019 - 31/12/2019
Bagé,Cienspiração: A Ficção Científica como fonte de inspiração criativa,Rafael Kobata Kimura,01/03/2018 - 31/12/2019
Bagé,Contra a desinformação no meio digital: verificando publicações da Wikipedia,Ana Paula Manera,02/05/2019 - 30/12/2020
Bagé,Elaboração de Livros relativos a Química Analítica,Sergio Meth,08/08/2018 - 31/07/2020
Bagé,Engenharia de Alimentos na Prática: Uma visão no combate à retenção e evasão,andressa carolina jacques,01/04/2019 - 30/12/2020
Bagé,Formação de Planetaristas,Guilherme Frederico Marranghello,01/03/2018 - 21/12/2019
Bagé,Grupo de estudo de Física Teórica,Leandro Hayato Ymai,19/03/2019 - 31/12/2020
Bagé,"Grupo de Estudos de Literatura, Mídias e Ensino (GELME)",Fabiane Lazzaris,20/05/2017 - 20/05/2019
Bagé,Grupo de Estudos Philos Sophias,Dulce Mari da Silva Voss,05/08/2017 - 30/08/2019
Bagé,Implementação dos métodos numéricos estudados na componente curricular de Cálculo numérico com propósito de ser usado como aplicativo de celular,Leandro Blass,23/05/2017 - 23/04/2021
Bagé,INCLUSIVE: construindo saberes sobre o Transtorno do Espectro do Autismo,Claudete da Silva Lima Martins,13/05/2019 - 31/12/2020
Bagé,Máquinas de Fluido: Análises Experimentais  Aplicações  Material Didático,Cristine Machado Schwanke,01/05/2016 - 31/12/2020
Bagé,Metodologias de Ensino em Planejamento e Avaliação de Projetos na Engenharia Química,Alexandre Denes Arruda,15/03/2019 - 28/02/2020
Bagé,MONITOR DE DESENHO E COMPONENTES AFINS,Cristiano Corrêa Ferreira,01/04/2019 - 31/12/2019
Bagé,Monitoria de Cálculo I,Denice Aparecida Fontana Nisxota Menegais,15/03/2019 - 31/12/2019
Bagé,Monitoria de Cálculo II,Francieli Aparecida Vaz,01/05/2019 - 31/12/2019
Bagé,Monitoria de Morfologia e Estudos de Fonética e Fonologia,Taíse Simioni,01/04/2019 - 31/12/2019
Bagé,Monitoria em Química Analítica,maria regina de oliveira casartelli,02/05/2019 - 30/12/2019
Bagé,Monitoria nos componentes da área de Química Orgânica: Integração e consolidação de conteúdos.,Elisabete de Avila da Silva,01/04/2019 - 15/12/2019
Bagé,Monitoria para Física Básica (I. II e III),Rafael Kobata Kimura,11/03/2019 - 31/01/2020
Bagé,Monitoria para Operações Unitárias de Engenharia de Alimentos I. II e III,Catarina Motta de Moura,02/05/2019 - 31/12/2019
Bagé,Monitoria: contribuição à formação acadêmico-profissional no ensino superior,Claudete da Silva Lima Martins,13/05/2019 - 31/12/2019
Bagé,PET - Visitas Técnicas,ESTEVÃN MARTINS DE OLIVEIRA,01/04/2019 - 22/12/2019
Bagé,PET CALOURO,ESTEVÃN MARTINS DE OLIVEIRA,18/03/2019 - 20/12/2019
Bagé,PET EVASÃO RETENÇAO,ESTEVÃN MARTINS DE OLIVEIRA,01/04/2019 - 20/12/2019
Bagé,Plano de Trabalho de Monitoria de Fenômenos de Transporte e Mecânica dos Fluidos Aplicada para o ano de 2019,Marcilio Machado Morais,15/05/2019 - 31/12/2019
Bagé,Preparo de materiais e proposições metodológicas de ferramentas para o ensino de Química.,maria regina de oliveira casartelli,02/05/2019 - 30/12/2020
Bagé,Produção de material didático para física básica: Cinemática e Dinâmica,Pedro Castro Menezes Xavier de Mello e Silva,15/08/2016 - 15/12/2019
Bagé,Produção de material didático para o ensino de Equações Diferenciais,Leandro Blass,06/03/2017 - 06/02/2021
Bagé,Programa de apoio ao ensino de eletromagnetismo,Luiz Fernando de Freitas Gutierres,13/03/2019 - 01/04/2020
Bagé,Projeto de Monitoria para os Componentes Curriculares Tecnologia de Produtos Lácteos e Tecnologia de Produtos Fermentados,Fernanda Germano Alves Gautério,01/04/2019 - 31/12/2019
Bagé,Projeto Quadro de Matemática,MARGARIDA MARIA RODRIGUES NEGRAO,22/03/2018 - 22/03/2020
Bagé,Quadro de Divulgação de Física,Mauro S,22/03/2018 - 22/03/2020
Bagé,TESTE ADMINISTRADOR,Administrador do Sistema,01/01/2013 - 31/12/2019
Bagé,Uma Proposta para o Ensino de Matemática: Desenvolvimento de Material Inovador com a utilização do Geogebra,Vera Lúcia Duarte Ferreira,31/01/2020
Bagé,Utilização da Educação a Distância nos componentes curriculares compartilhados do curso de Matemática-Licenciatura como material complementar aos cursos presenciais.,Everson Jonatha Gomes da Silva,01/03/2018 - 28/02/202
Bagé,"Utilização de sites e blogs como ferramenta de formação acadêmica na área de Engenharia, Ciência e Tecnologia de Alimentos",Miriane Lucas Azevedo,01/03/2018 - 31/12/2019
Bagé,Vídeo-aula sobre segurança em laboratório.,Fernando Junges,01/06/2018 - 31/05/2019
Caçapava do Sul,"Acervo litológico de áreas-chave do Escudo Sul-rio-grandense, parte 1: o Complexo Metamórfico Passo Feio",Tiago Rafael Gregory,01/10/2018 - 01/01/2022
Caçapava do Sul,Curso Básico de Modelagem Geológica e de Contaminação.,Luciana Arnt abichéquer,04/05/2019 - 18/12/2020
Caçapava do Sul,Ensinar para Aprender: a Monitoria,cristiane heredia gomes,01/01/2019 - 01/01/2021
Caçapava do Sul,"Monitoria de Petrografia Ígnea, Mineralogia II e Mapeamento geológico",Vinicius Matté,20/03/2019 - 18/12/2019
Caçapava do Sul,Projeto Pedreira Escola  Qualificando e aprofundando o conhecimento em Geociências,Felipe Guadagnin,28/03/2018 - 28/03/2020
Caçapava do Sul,Uso de modelos didáticos tridimensionais para o ensino de Geociências,Tiago Rafael Gregory,01/08/2017 - 01/08/2021
Dom Pedrito,AÇÕES EMPREENDEDORAS NO PAMPA: DISCUSSÕES ENTRE TEORIA E AÇÃO ATRAVÉS DO SEMINÁRIO ACADÊMICO DE EMPREENDEDORISMO NO PAMPA-SAEP,Shirley Grazieli da Silva Nascimento,20/03/2019 - 01/04/2021
Dom Pedrito,Apoio virtual para permanência e sucesso acadêmico na Unipampa: ações e orientações pedagógicas,Ana Cristina do Amaral Lovato,12/03/2018 - 31/12/2019
Dom Pedrito,Aproximação de alunos de bacharelado à prática docente de nível superior,Ignacio Pablo Traversa Tejero,01/03/2018 - 21/12/2019
Dom Pedrito,Arquivo digital de imagens do comportamento animal,Tisa Echevarria Leite,15/03/2019 - 31/12/2022
Dom Pedrito,Avaliação anatômico-fisiológica de aves domésticas,Lilian Kratz Vogt,29/05/2017 - 31/05/2019
Dom Pedrito,Avaliação do perfil dos egressos dos cursos de Zootecnia do Rio Grande do Sul,Angélica Pinho,10/03/2017 - 10/03/2020
Dom Pedrito,Avaliação do perfil dos egressos dos cursos de Zootecnia do Rio Grande do Sul,Angélica Pinho,10/03/2017 - 10/03/2020
Dom Pedrito,Biblioteca Livre Campus Dom Pedrito,Thiago Antonio Beuron,05/09/2018 - 04/09/2020
Dom Pedrito,Coleção Forrageira,José Acélio Silveira da Fontoura Júnior,01/03/2013 - 01/03/2022
Dom Pedrito,Comportamento na prática - equinos,Tisa Echevarria Leite,15/03/2019 - 31/03/2021
Dom Pedrito,Ensinando a Fisiologia da Videira no Vinhedo Experimental da UNIPAMPA,Juan Aguila,31/01/2018 - 30/01/2021
Dom Pedrito,Estágio Curricular em Ciências da Natureza: monitoria como estratégia pedagógica,CADIDJA COUTINHO,01/03/2019 - 31/12/2020
Dom Pedrito,Estimulando o pensamento evolutivo na formação docente: monitoria voluntária,CADIDJA COUTINHO,01/04/2019 - 31/12/2019
Dom Pedrito,INCLUSÃO DIGITAL PARA DISCENTES COM DEFICIÊNCIA INTELECTUAL NO ENSINO SUPERIOR,Maria Elaine de Leon,30/03/2018 - 30/03/2020
Dom Pedrito,Laboratório didático de Fitossanidade aplicado a cultura da videira,Elizete Beatriz Radmann,02/05/2017 - 30/04/2019
Dom Pedrito,Monitoria de Seis Disciplinas do Curso de Bacharelado em Enologia,Juan Aguila,05/02/2019 - 31/12/2019
Dom Pedrito,Monitoria em Produção Vegetal,Etiane Skrebsky Quadros,15/05/2019 - 20/12/2019
Dom Pedrito,Monitoria para a componente de Análise Numérica,janaína viário carneiro,01/05/2019 - 15/12/2019
Dom Pedrito,"Monitoria para as componentes curriculares de Química Geral, Bioquímica Geral e Análise Sensorial I",Suziane Antes Jacobs,01/05/2019 - 18/12/2019
Dom Pedrito,Monitoria para Produção de Forragem,José Acélio Silveira da Fontoura Júnior,06/03/2017 - 31/12/2020
Dom Pedrito,Nivelamento de alunos em condição de vulnerabilidade em ensino de Zootecnia,PAULO RODINEI SOARES LOPES,PAULO RODINEI SOARES LOPES
Dom Pedrito,Praticando a Zootecnia,Gladis Ferreira Corrêa,30/03/2019 - 21/12/2021
Dom Pedrito,PRÁTICAS DE LETRAMENTO ACADÊMICO INCENTIVADAS POR ATIVIDADES PEDAGÓGICAS EM AMBIENTES VIRTUAIS DE APRENDIZAGEM,Patrícia Forgiarini Firpo,01/04/2019 - 31/12/2019
Dom Pedrito,Programa Institucional de Bolsas de Iniciação a Docência - PIBID Ciências da Natureza,crisna daniela krause bierhalz,24/01/2019 - 31/03/2020
Dom Pedrito,Promovendo o ensino e a aprendizagem de Equinocultura e Reprodução Animal no curso de Zootecnia através de uma Metodologia Interativa,Adriana Pires Neves,01/03/2019 - 31/12/2019
Dom Pedrito,Rural em Imagens  Edição Dom Pedrito,Shirley Grazieli da Silva Nascimento,20/03/2019 - 01/04/2021
Itaqui,A monitoria como instrumento de apoio às atividades teórico-práticas na Dietoterapia I e II,Karina Sanches Machado d'Almeida,01/03/2019 - 31/12/2019
Itaqui,Monitoria Física,Caroline Jaskulski Rupp,11/03/2019 - 11/03/2020
Itaqui,A importância da monitoria no componente curricular de Bioquímica de Alimentos.,Gustavo Petri Guerra,01/05/2019 - 18/12/2019
Itaqui,A monitoria como ferramenta de melhoria da aprendizagem e apoio na redução da evasão e retenção nas componentes curriculares Ciência e Tecnologia de Leite e Derivados e Tecnologia dos Alimentos,Graciela Salete Centenaro,20/03/2019 - 31/12/2019
Itaqui,Acompanhamento do aprendizado de alunos utilizando Learning Analytics em Ambientes Virtuais de Aprendizagem,Cristiano Galafassi,01/03/2018 - 31/12/2019
Itaqui,Ambiente Virtual de Ensino em Laboratório de Química - Projeto AQuí,Adriane Lettnin Roll Feijó,01/04/2019 - 01/03/2021
Itaqui,Análise de Métodos Científicos em Publicações nas Áreas de Agronomia e Engenharia,Maria Fernanda Antunes da Cruz,18/03/2019 - 18/03/2021
Itaqui,Desenvolvimento de canal no Youtube sobre o curso de Nutrição,Joice Trindade Silveira,01/04/2019 - 01/04/2021
Itaqui,Elaboração de um material bibliográfico para disciplinas relacionadas à estatística básica,Gilberto Rodrigues Liska,01/03/2019 - 31/01/2021
Itaqui,Estratégias interdisciplinares de estímulo a permanência dos acadêmicos no ensino superior,Leomar Hackbart da Silva,01/04/2018 - 01/04/2020
Itaqui,Estudo das Plantas Alimentícias Não Convencionais do Campus Itaqui/Unipampa,Luciana Zago Ethur,19/03/2019 - 31/12/2019
Itaqui,Guia acadêmico no curso de Nutrição,Joice Trindade Silveira,11/03/2019 - 11/03/2021
Itaqui,Implantação de Campo Agrostológico para estudo de espécies de plantas forrageiras,Eduardo Bohrer de Azevedo,15/03/2019 - 14/03/2021
Itaqui,Infectário de Fitopatologia,Renata Silva Canuto de Pinho,Renata Silva Canuto de Pinho
Itaqui,"Introdução ao AutoCad",Robert Martins da Silva,01/04/2019 - 31/12/2019
Itaqui,Laboratório de Educação Matemática: implementação a partir da interface entre práticas de pesquisa e ensino,Deise Pedroso Maggio,01/04/2019 - 31/12/2020
Itaqui,Monitoria das topografias,Robert Martins da Silva,01/04/2019 - 31/12/2019
Itaqui,Monitoria de Álgebra Linear,Fábio Lucas Izaguirre Martins,16/05/2018 - 16/05/2019
Itaqui,Monitoria de Bioquímica e Bioquímica Avançada,Marina Prigol,11/03/2019 - 18/12/2019
Itaqui,"Monitoria de Cálculo I, II e Trigonometria",KARLA BEATRIZ VIVIAN SILVEIRA,15/03/2019 - 30/12/2019
Itaqui,"Monitoria de Máquinas, Mecanização Agrícola e Construções Rurais",Alexandre Russini,12/03/2019 - 18/12/2019
Itaqui,Monitoria de Química,Caroline Raquel Bender,11/03/2019 - 18/12/2019
Itaqui,Monitoria em Biologia Geral,Maria Fernanda Antunes da Cruz,18/03/2019 - 18/03/2020
Itaqui,"Monitoria em Componentes Curriculares de Avicultura e Suinocultura, Bromatologia Animal, Bromatologia e Nutrição Animal e Nutrição Animal",Bruno Neutzling Fraga,11/03/2019 - 18/12/2019
Itaqui,Monitoria em Entomologia Geral e Entomologia Agrícola,Fernando Felisberto da Silva,11/03/2019 - 18/12/2019
Itaqui,Monitoria em Genética e Biotecnologia Vegetal,Adriana Pires Soares Bresolin,19/03/2019 - 19/12/2019
Itaqui,Monitoria em Informática e Algoritmos e Programação,Fabiane Flores Penteado Galafassi,01/04/2019 - 18/12/2019
Itaqui,Monitoria em Informática e Programação,Rogério Rodrigues de Vargas,15/05/2019 - 18/12/2019
Itaqui,MONITORIA NA ÀREA DE CIÊNCIA E TECNOLOGIA DE GRÃOS,Leomar Hackbart da Silva,01/05/2019 - 31/12/2019
Itaqui,Monitoria no componente curricular de Bromatologia (2019),Tiago Andre Kaminski,11/03/2019 - 18/12/2019
Itaqui,Monitoria no ensino de microbiologia para a área de alimentos,Paula Fernanda Pinto da Costa,01/05/2019 - 31/12/2019
Itaqui,Monitoria nos componentes curriculares de Fitopatologia I e Fitopatologia II,Renata Silva Canuto de Pinh,01/04/2019 - 18/12/2019
Itaqui,"Monitoria nos componentes curriculares de Matérias-Primas Alimentícias, Tecnologia de Produtos de Origem Animal e Tecnologia de Produtos de Origem Vegetal",Aline Tiecher,11/03/2019 - 18/12/2019
Itaqui,Monitoria para componentes curriculares relacionados à Estatística do campus Itaqui,Gilberto Rodrigues Liska,01/03/2017 - 01/03/2021
Itaqui,Monitoria para Morfologia Vegetal e Botânica Sistemática,Luciana Zago Ethur,01/05/2019 - 31/12/2019
Itaqui,Monitoria para Técnica dietética I e Nutrição experimental,Fernanda Aline de Moura,11/03/2019 - 18/12/2019
Itaqui,Monitoria teórico-prática de física,ROLANDO LARICO MAMANI,11/03/2019 - 11/12/2019
Itaqui,Monitoria uma forma de aprende a ensinar,Angelita Machado Leitão,10/04/2019 - 18/12/2019
Itaqui,MOSTRA DE SUCULENTAS: ORNAMENTAÇÃO E APRENDIZADO,Luciana Zago Ethur,10/10/2018 - 10/10/2020
Itaqui,Plágio na pesquisa científica: como evitar?,Aline Tiecher,20/07/2017 - 20/07/2019
Itaqui,Produção de um portfólio de Fichas Técnicas de preparações elaboradas no componente curricular Técnica Dietética I,Fernanda Aline de Moura,01/11/2017 - 01/11/2019
Itaqui,Proposta metodológica de ensino de Física na Engenharia de Agrimensura,ROLANDO LARICO MAMANI,01/02/2017 - 31/01/2020
Itaqui,Qualificação do processo de ensino-aprendizagem de geotecnologias a partir da monitoria,Sidnei Luís Bohn Gass,02/05/2019 - 18/12/2019
Itaqui,Recursos Genéticos Vegetais: Conservação e Uso como ferramenta didática,Adriana Pires Soares Bresolin,30/03/2019 - 30/12/2020
Jaguarão,Elaboração e atualização do currículo Lattes,Patrícia Schneider Severo,30/05/2017 - 30/05/2019
Jaguarão,Ensinando livros: aprendendo história com romances,Cássia Daiane Macedo da Silveira,01/01/2019 - 30/03/2020
Jaguarão,Grupo de Estudos e Pesquisas AFROnteiras Negras Unipampa,Giane Vargas escobar,19/03/2018 - 31/12/2019
Jaguarão,LAPEH: a construção e organização do Laboratório de Pesquisa em Ensino de História da UNIPAMPA/Jaguarão.,J,11/03/2019 - 31/07/2020
Jaguarão,Monitoria acadêmica como auxílio ao componente de Empreendedorismo,Patrícia Schneider Severo,30/05/2017 - 30/05/2019
Jaguarão,Monitoria de Tecnologias da Informação e da Comunicação Aplicadas a Educação,Cláudia Camerini Corrêa Pérez,22/08/2013 - 22/12/3013
Jaguarão,"PAMPATUR: Hospitalidade, Turismo e Organização de Viagens",Alessandra Buriol Farinha,30/07/2017 - 30/07/2019
Jaguarão,Pedalando com Turismo - 2ª edição.,Adriana Pisoni da Silva,01/05/2019 - 13/12/2019
Santana do Livramento,Auxiliando a Coordenação no Ensino e Aprendizagem dos Alunos,Gabriela Cappellari,02/01/2019 - 31/12/2020
Santana do Livramento,Café com Conteúdo: Gestão de Pessoas na Prática,Katiuscia Schiemer Vargas,25/03/2019 - 09/07/2019
Santana do Livramento,Calourada 2019,Ruth Pereira Castro,12/03/2019 - 18/12/2019
Santana do Livramento,Carta de Conjuntura Econômica,CARLOS HERNAN RODAS CESPEDES,01/03/2019 - 01/03/2020
Santana do Livramento,CARTA DE CONJUNTURA ECONÔMICA,CARLOS HERNAN RODAS CESPEDES,01/03/2019 - 01/03/2020
Santana do Livramento,"Conhecimento codificado: normas e noções acadêmicas, ano III",Alessandra Troian,10/05/2018 - 18/12/2019
Santana do Livramento,Drogas e Sistema Penal: grupo de estudos,marcelo mayora alves,15/10/2018 - 23/12/2019
Santana do Livramento,Encontro Estudos Organizacionais nas Fronteiras,Igor Baptista de Oliveira Medeiros,20/02/2019 - 30/05/2019
Santana do Livramento,Grupo de Estudos Ius migrandi e o Direito à cidade,Deisemara Turatti Langoski,03/04/2019 - 05/12/2019
Santana do Livramento,Grupo de Estudos sobre Organizações e Desenvolvimento  GEODes,Debora Nayar Hoff,20/03/2018 - 20/12/2022
Santana do Livramento,"Grupo de Estudos Mulheres, violência e sistema de justiça criminal",Vanessa Dorneles Schinke,13/03/2019 - 11/12/2019
Santana do Livramento,Grupos de Estudos Avançados em Direito - GEAD,Daniela Vanila Nakalski Benetti,01/08/2018 - 15/12/2020
Santana do Livramento,LABORATÓRIO DE LEITURA E PRODUÇÃO TEXTUAL EM RELAÇÕES INTERNACIONAIS,Kamilla Raquel Rizzi,18/03/2019 - 20/12/2019
Santana do Livramento,Leitura e produção textual em Economia,André da Silva Redivo,12/03/2019 - 13/07/2019
Santana do Livramento,Matemática Financeira com a Calculadora HP12c,mauro barcellos sopeña,01/12/2016 - 01/12/2020
Santana do Livramento,Monitoria acadêmica em Prática Jurídica Simulada,marcelo mayora alves,05/08/2019 - 18/12/2019
Santana do Livramento,Monitoria de História Geral,Rafael Balardin,01/04/2019 - 11/12/2019
Santana do Livramento,Monitoria em Contabilidade e Estrutura e Análise das Demonstrações Contabeis,Thadeu José Francisco Ramos,15/05/2019 - 31/12/2019
Santana do Livramento,Monitoria em Estatística,Luc,11/03/2019 - 18/12/2019
Santana do Livramento,Monitoria em Filosofia,Deisemara Turatti Langoski,02/04/2019 - 10/12/2019
Santana do Livramento,Monitoria em Modelagem e análise de decisão,Mygre Lopes da Silva,11/03/2019 - 15/12/2019
Santana do Livramento,Monitoria em Teoria das Relações Internacionais I e II,Nathaly Silva Xavier Schütz,22/03/2019 - 18/12/2019
Santana do Livramento,Oficina Rumo ao sucesso nos estudos,CAREN ROSSI,19/03/2019 - 20/12/2020
Santana do Livramento,Participação Competição de Arbitragem Empresarial  CAEMP,Fernando Pedro Meinero,20/12/2018 - 30/04/2020
Santana do Livramento,Pesquisa em Administração: debatendo conceitos e métodos,Carolina Freddo Fleck,03/10/2017 - 02/10/2021
Santana do Livramento,"Viagem para IV Encontro Regional dos Estudantes do Campo de Públicas da Região Sul, ERECAP  Sul em Matinhos PR  2018",GUILHERME HOWES NETO,14/11/2018 - 19/11/2019
Santana do Livramento,Video-economia em ação,CARLOS HERNAN RODAS CESPEDES,14/03/2019 - 04/07/2019
São Borja,LabPesq - Laboratório de Ensino à Pesquisa em Humanidades,Gerson de Lima Oliveira,11/03/2019 - 18/12/2019
São Borja,Agência Experimental de jornalismo  i4 Plataforma de Notícias,Sara Alves Feitosa,05/03/2018 - 15/12/2019
São Borja,Agência Experimental de Relações: uma articulação da prática profissional com o ensino,Elisa Lübeck Terra,01/04/2019 - 31/01/2020
São Borja,Aula Avulsa,Geder Luis Parzianello,30/07/2018 - 30/07/2022
São Borja,Aula Avulsa,Geder Luis Parzianello,30/07/2018 - 30/07/2022
São Borja,DAS PRÁTICAS DE LEITURA AOS GESTOS DE AUTORIA: RELAÇÕES PÚBLICAS EM PAUTA,Paula Daniele Pavan,16/04/2019 - 15/12/2020
São Borja,Estágio curricular de RP  para a direção do campus São Borja da UNIPAMPA,Hamilton de Lima e Souza,01/09/2018 - 31/12/2019
São Borja,Experimentos criativos em comunicação: a prática do profissional de propaganda,Renata Patricia Correa Coutinho,05/04/2019 - 05/12/2019
São Borja,Gênero em Debate,JAQUELINE CARVALHO QUADRADO,20/03/2019 - 31/12/2019
São Borja,Mazaah! Agência Experimental de Publicidade e Propaganda,Juliana Zanini Salbego,18/03/2019 - 31/01/2020
São Borja,Monitoria em Comunicação e Fronteira 2019,Adriana Ruschel Duval,05/04/2019 - 12/07/2019
São Borja,"Monitoria em Fundamentos da Geografia e Monitoria em Cartografia, Documentos e Patrimônio",Nola Patrícia Gamalho,01/05/2019 - 31/12/2019
São Borja,Monitoria em Jornalismo Infanto-Juvenil 2019/1,Adriana Ruschel Duval,15/03/2019 - 12/07/2019
São Borja,MONITORIA INTERDISCIPLINAR,JAQUELINE CARVALHO QUADRADO,20/03/2019 - 31/12/2019
São Borja,Monitoria Interdisciplinar em História,Edson Romario Monteiro Paniagua,25/03/2019 - 31/12/2019
São Borja,Monitoria para disciplinas de Teoria Geral do Direito I e II,Lisianne Pintos Sabedra Ceolin,01/04/2019 - 01/12/2019
São Borja,Oficina Etnográfica: olhares sobre a fronteira São borja - Santo Tomé,Daniel Etcheverry,19/06/2018 - 19/06/2020
São Borja,Oficinas de metodologia científica e redação acadêmica,Marilice Cortes,03/01/2019 - 31/12/2019
São Borja,Parlez Français - Edição 2019,Larissa Conceição dos Santos,21/03/2019 - 27/06/2019
São Borja,PPGCIC - LAB: ambiente de experimentações em comunicação para e como indústria criativa,Marcela Guimarães e Silva,25/03/2019 - 16/12/2019
São Borja,Projeto  Piloto da LIBRAS para Servidores (TAE e professores),willian da motta brum,08/04/2019 - 10/06/2019
São Borja,RP Inclusiva: cartilhas de relacionamento com os públicos,fernanda sagrilo andres,10/04/2019 - 10/12/2019
São Borja,RP Inclusiva: cartilhas de relacionamento com os públicos,fernanda sagrilo andres,10/04/2019 - 10/12/2019
São Borja,Seminário de Integração Acadêmica em Publicidade e Propaganda 2019,João Antônio Gomes Pereira,01/02/2019 - 30/04/2019
São Borja,UNIPAMPA: a evasão no curso de Licenciatura em Ciências Humanas,Ronaldo Bernardino Colvero,19/02/2019 - 31/01/2020
São Gabriel,A monitoria no processo de ensino-aprendizagem em Geoprocessamento,Aline Biasoli Trentin,01/05/2019 - 31/12/2020
São Gabriel,Ferramentas alternativas para o aperfeiçoamento do estudo de botânica,André Carlos Cruz Copetti,07/02/2019 - 20/12/2020
São Gabriel,Gincana: Estímulo ao aprendizado em Solos (Anos IV e V),Mirla Andrade Weber,01/01/2018 - 31/12/2019
São Gabriel,Implantação de um povoamento florestal para fins didáticos,Bruna Denardin da Silveira,23/04/2018 - 22/03/2021
São Gabriel,Implantação do Jardim Botânico da Universidade Federal do Pampa,Angelo Alberto Schneider,01/07/2017 - 31/12/2022
São Gabriel,Insetário como instrumento de ensino de Zoologia de Invertebrados e Coleção Biológicas Didáticas como instrumento de Ensino de Ciências e Biologia,Marcia Regina Spies,11/03/2019 - 30/12/2109
São Gabriel,Modalidades didáticas alternativas para o Ensino de Ciências e Biologia,Julio Cesar Bresolin Marinho,11/03/2019 - 12/03/2021
São Gabriel,Monitoria - Componentes curriculares de Geociências no campus São Gabriel,Felipe Lima Pinheiro,01/05/2019 - 18/12/2019
São Gabriel,Monitoria das disciplinas de Biologia Celular e Genética Básica,Analía del Valle Garnero,19/03/2019 - 18/12/2019
São Gabriel,Monitoria de Genética Básica e Genética de Populações,Ricardo José Gunski,19/03/2019 - 19/12/2019
São Gabriel,Monitoria em Fisiologia Vegetal na Universidade Federal do Pampa - Campus São Gabriel,Silvane Vestena,12/03/2018 - 18/12/2019
São Gabriel,Produção de material técnico-científico como estratégia de aprendizagem e de divulgação de informações em Biotecnologia,Cássia Regina Nespolo,22/03/2019 - 28/02/2022
Uruguaiana,A presença da monitoria no ensino-aprendizagem de Anatomia Humana,Leticia Rossi Dare,09/04/2018 - 20/12/2019
Uruguaiana,A interdisciplinaridade na construção do conhecimento do estudante de Medicina: uma proposta de monitoria,Shana Hastenpflug Wottrich,15/05/2019 - 15/12/2019
Uruguaiana,A monitoria como instrumento facilitador da ensinagem em anatomia humana,Daniel Ventura Dias,02/04/2018 - 20/12/2019
Uruguaiana,Acompanhamento monitorado do ensino em Imunologia Veterinária,Mário Celso Sperotto BRum,01/04/2018 - 20/12/2019
Uruguaiana,Alimentação de organismos aquáticos - Formulação e preparo de rações.,Fabio de Araújo Pedron,20/03/2019 - 20/12/2019
Uruguaiana,Anatomia Humana: A monitoria acadêmica como ferramenta enriquecedora do processo ensino/aprendizagem,Mara Cristina Pimenta dos Santos Ruybal,01/03/2019 - 17/12/2021
Uruguaiana,Aprendendo a amar e respeitar os animais usados em pesquisas no Biopampa,Marcelo Dal Pozzo,03/08/2017 - 03/01/2020
Uruguaiana,Atividades lúdicas no processo de transposição didática de microbiologia,Irina Lubeck,20/03/2019 - 11/12/2019
Uruguaiana,Atlas Anatomia Humana -Ferramenta auxiliar para o processo de ensino-aprendizagem,João Cleber Theodoro de Andrade,01/12/2017 - 01/12/2021
Uruguaiana,ATLAS DIGITAL DE HISTOLOGIA E MÍDIAS SOCIAS COMO UMA FERRAMENTA PARA FAVORECER O PROCESSO DE ENSINO-APRENDIZAGEM DE HISTOLOGIA NOS CURSOS DA ÁREA DA SAÚDE,Jacqueline da Costa Escobar Piccoli,01/04/2019 - 01/04/2021
Uruguaiana,Ausculta: Grupo de Apoio ao Estudante de Medicina,Shana Hastenpflug Wottrich,01/04/2019 - 01/04/2023
Uruguaiana,Biofarmácia Veterinária: Aplicando o conceito Uma só saúde na interação entre Farmácia e Medicina Veterinária,Fabiana Ernestina Barcellos da Silva,01/03/2019 - 01/03/2021
Uruguaiana,Campo agrostológico como ferramenta de ensino na Medicina Veterinária,Rodrigo Holz Krolow,12/03/2018 - 11/03/2020
Uruguaiana,Capacitações internas CTPEC  Formando profissionais diferenciados,Guilherme de Medeiros Bastos,24/03/2019 - 22/03/2021
Uruguaiana,Ciclo de Palestras em Saúde,Camila Simonetti Pase,01/04/2019 - 01/04/2020
Uruguaiana,Ciência em cartaz,Carolina Kist Traesel,01/05/2019 - 31/12/2021
Uruguaiana,Confecção de material de apoio para Microbiologia,Cheila Denise Ottonelli Stopiglia,01/03/2018 - 23/12/2019
Uruguaiana,Cuidados intensivos ao paciente adulto em situações críticas de vida: ensinando e aprendendo em ambiente realístico,JOSEFINE BUSANELLO,12/03/2019 - 20/12/2021
Uruguaiana,Curso Pré-Química: Transição Ensino médio/Ensino Superior,Juliano Braun de Azeredo,25/03/2019 - 15/12/2019
Uruguaiana,Desenvolvimento de formas de gerenciamento do Biotério da Unipampa  Campus Uruguaiana e suprimento de demandas de ratos para pesquisa.,Morgana Duarte da Silva,01/10/2017 - 01/10/2019
Uruguaiana,Desenvolvimento de Monitoria em Química Geral para o curso de Farmácia,Juliano Braun de Azeredo,05/04/2019 - 15/12/2019
Uruguaiana,Esporte Universitário,Phillip Vilanova Ilha,12/03/2018 - 31/12/2021
Uruguaiana,Estratégias didático-pedagógicas para a implantação do Programa de Atenção à Saúde do Idoso em Estratégias de Saúde da Família do Município de Uruguaiana,CENIR GONCALVES TIER,12/03/2018 - 31/12/2020
Uruguaiana,Estratégias didático-pedagógicas para a implantação do Programa FIFA 11 pela Saúde,Simone Lara,01/03/2017 - 31/12/2019
Uruguaiana,Fronteiras da Bioética: construção e análise de dilemas morais em saúde na Fronteira Oeste,Juliana Lopes de Macedo,01/03/2019 - 18/12/2020
Uruguaiana,Grupo de estudos em ortopedia e traumatologia veterinária,Maria Lígia de Arruda Mistie,01/04/2018 - 31/12/2019
Uruguaiana,Hematologia Online: ferramenta digital promove ensino-aprendizagem dos acadêmicos de Farmácia,VANUSA MANFREDINI,01/04/2019 - 01/04/2021
Uruguaiana,Implantação de Campo Agrostológico para estudos e ensino na Medicina Veterinária,Rodrigo Holz Krolow,24/03/2019 - 22/03/2021
Uruguaiana,Iniciando os acadêmicos na Medicina Veterinária,Guilherme de Medeiros Bastos,24/03/2019 - 22/03/2022
Uruguaiana,"INOVAÇÃO DIDÁTICO-PEDAGÓGICA NO ENSINO SUPERIOR  OLIMPÍADAS DE BIOMECÂNICA, ANO 9",Felipe Pivetta Carpes,01/03/2019 - 30/12/2019
Uruguaiana,Laboratório de Semiologia em Enfermagem: avaliação dos sistemas corporais do adulto enfermo,Jenifer Harter,01/04/2017 - 20/12/2020
Uruguaiana,Mapas conceituais na aprendizagem da fisiologia humana: novos caminhos para a construção do conhecimento,Lidiane Dal Bosco,08/04/2019 - 31/01/2020
Uruguaiana,MONITORIA - PLANTAS BIOATIVAS 2019,Claudete Izabel Funguetto,12/03/2019 - 31/12/2019
Uruguaiana,Monitoria como ferramenta de estímulo à interdisciplinaridade,Deise Dalazen Castagnara,03/04/2018 - 01/04/2020
Uruguaiana,"Monitoria como ferramenta para integração entre forragicultura, ovinocultura e bovinocultura de corte",Rodrigo Holz Krolow,24/03/2019 - 23/02/2021
Uruguaiana,"Monitoria conjugada das disciplinas Estatística I, Estatística II, Economia dos Recursos Naturais, Análise Sócio-Econômica, Planejamento e Gestão, Viabilidade Econômica, Comercialização e Mercado",Marco Aurélio Alves de Souza,01/05/2019 - 31/12/2019
Uruguaiana,"Monitoria da disciplina de Fisioterapia Aplicada a Gerontologia, Fisioterapia na Saúde Coletiva e Anatomia Palpatória",Graziela Morgana Silva Tavares,01/04/2019 - 31/12/2019
Uruguaiana,Monitoria das disciplinas de reprodução animal,Fabricio Desconsi Mozzaquatro,20/03/2019 - 11/12/2019
Uruguaiana,Monitoria das disciplinas de Semiologia Clínica Veterinária e Clínica de Ruminantes do curso de Medicina Veterinária da Unipampa,Fernando Passon Casagrande,24/03/2019 - 24/03/2022
Uruguaiana,"Monitoria de Fisiologia Animal, Informática e Genética para Aquicultura",Alessandra Sayuri Kikuchi Tamajusuku Neis,18/03/2019 - 20/12/2019
Uruguaiana,Monitoria de Histologia Humana I e II,Jacqueline da Costa Escobar Piccoli,15/05/2019 - 31/01/2020
Uruguaiana,Monitoria de Histologia para o curso de Medicina,PAULO EMILIO BOTURA FERREIRA,05/03/2018 - 05/03/2020
Uruguaiana,Monitoria de Imunologia - desenvolvimento de recursos didáticos complementares facilitadores da aprendizagem de Imunologia Médica,Debora Alves Nunes Mario,02/05/2019 - 31/01/2020
Uruguaiana,Monitoria de Semiotécnica em Enfermagem,Raquel Pötter Garcia,20/03/2018 - 31/12/2019
Uruguaiana,MONITORIA EM ANATOMIA,João Cleber Theodoro de Andrade,01/05/2019 - 31/12/2019
Uruguaiana,Monitoria em Anatomia Animal,Amarílis Díaz de Carvalho,11/04/2019 - 18/12/2019
Uruguaiana,Monitoria em Anatomia dos Animais Domésticos,Paulo de Souza Junior,04/04/2019 - 31/12/2020
Uruguaiana,Monitoria em Anatomia Humana para o Curso de Medicina,Elizangela dos Anjos Silva,13/11/2017 - 08/12/2019
Uruguaiana,Monitoria em Atletismo,Phillip Vilanova Ilha,11/03/2019 - 31/12/2021
Uruguaiana,Monitoria em Cinesiologia,Nelson Serrão,01/05/2019 - 31/12/2019
Uruguaiana,Monitoria em Esportes Coletivos II,Phillip Vilanova Ilha,11/02/2019 - 31/12/2021
Uruguaiana,Monitoria em Esportes Coletivos III,Phillip Vilanova Ilha,11/02/2019 - 31/12/2021
Uruguaiana,Monitoria em fisiologia dos animais domésticos,Fabricio Desconsi Mozzaquatro,20/03/2019 - 11/12/2019
Uruguaiana,Monitoria em Fisiologia Humana para estudantes do Curso de Medicina,Lidiane Dal Bosco,15/04/2019 - 20/12/2019
Uruguaiana,Monitoria em Fisioterapia Cardiorrespiratória,Giulia Alesandra Wiggers Peçanha,11/03/2019 - 18/12/2019
Uruguaiana,"Monitoria em Matemática, Fundamentos de física e Hidráulica e topografia para o curso de Tecnologia em Aquicultura",DIONI GLEI BONINI BITENCOURT,11/03/2019 - 11/03/2020
Uruguaiana,Monitoria em Metodologia Científica e Estágio em Pesquisa e Profissionalizante I,Catia Veiverberg,15/05/2019 - 31/12/2019
Uruguaiana,Monitoria em Microbiologia Veterinária,Irina Lubeck,16/04/2019 - 11/12/2019
Uruguaiana,Monitoria em Parasitologia Clínica e Bioquímica Clínica I,Cleci Menezes Moreira,15/05/2019 - 20/12/2019
Uruguaiana,Monitoria em Patologia para Medicina,João Felipe Peres Rezer,15/04/2019 - 15/04/2020
Uruguaiana,Monitoria em Química,Elton Luís Gasparotto Denardin,20/03/2019 - 31/12/2019
Uruguaiana,Monitoria Integrada em Gestão na Medicina Veterinária,Ricardo Pedroso Oaigen,25/03/2019 - 31/12/2020
Uruguaiana,Monitoria na disciplina de Avicultura,Carlos Alexandre Oelke,17/03/2015 - 19/12/2105
Uruguaiana,Monitoria na disciplina de Microbiologia Geral,Vanessa Bley Ribeiro,20/03/2017 - 31/12/2020
Uruguaiana,Monitoria nas disciplinas de Farmacologia I e Farmacologia II,sandra elisa haas,01/04/2019 - 31/12/2019
Uruguaiana,Monitoria para os componentes curriculares de Bioquímica Geral e Bioquímica Especial Veterinária,Francielli Weber Santos Cibin,01/05/2019 - 31/12/2019
Uruguaiana,O monitor como ferramenta auxiliar no ensino de Recursos Eletro-Termo-Fototerapêuticos,Liane da Silva de Vargas,01/04/2019 - 20/12/2020
Uruguaiana,Planilha para gerenciamento da produção de tilápia,Marco Aurélio Alves de Souza,01/05/2019 - 31/12/2019
Uruguaiana,"Plano de monitoria acadêmica nas disciplinas de Bromatologia de Organismos Aquáticos, Nutrição Animal e Carcinicultura",Viviani Corrêia,19/03/2019 - 30/06/2020
Uruguaiana,Práticas Hospitalares em Pequenos Animais,João Paulo da Exaltação Pascon,10/08/2018 - 10/08/2020
Uruguaiana,"Práticas Inovadoras em Farmacologia: desenvolvimento de estratégias para o ensino ativo, interativo, integrativo e inovador",sandra elisa haas,01/04/2019 - 31/12/2020
Uruguaiana,Projeto de Língua Estrangeira,Daniela dos Santos Brum,20/03/2018 - 20/12/2019
Uruguaiana,Promoção de estratégias para melhoria da qualidade do ensino de Farmacologia,Camila Simonetti Pase,01/04/2019 - 31/01/2020
Uruguaiana,Promovendo a reflexão sobre a organização didático-pedagógica do Curso de Medicina utilizando o método cooperativo de aprendizagem Jigsaw,Lidiane Dal Bosco,11/03/2019 - 31/07/2019
Uruguaiana,Rugby Universitário,Phillip Vilanova Ilha,01/04/2019 - 31/12/2021
Uruguaiana,Taxonomia de Bloom no ensino da Bovinocultura de Leite,Deise Dalazen Castagnara,12/03/2018 - 11/03/2021
Uruguaiana,Técnicas Anatômicas para o Ensino da Anatomia Animal,Paulo de Souza Junior,02/05/2018 - 31/12/2019
Uruguaiana,Uso de metodologias ativas no ensino de Fisiologia Humana,Pâmela Billig Mello Carpes,01/03/2018 - 31/12/2019
Uruguaiana,Utilização e avaliação do uso da metodologia da Taxonomia de Bloom no ensino das disciplinas de Semiologia Clínica Veterinária e Clínica Médica de Ruminantes,Fernando Passon Casagrande,20/03/2019 - 20/03/2022