PROTOCOLO DE CUIDADOS INTENSIVOS PARA PACIENTES GRAVES COM DANOS NEUROLÓGICOS|JOSEFINE BUSANELLO|01/03/2018 - 31/12/2019
(DES) ATENÇÃO NA ESCOLA? VAMOS JOGAR! Um olhar reparador às consequências neurofuncionais da Síndrome do Pensamento Acelerado à Atenção Seletiva e ao Controle Inibitório infantil através do desenvolvimento psicomotor.|Eloa Maria dos Santos Chiquetti|01/02/2019 - 20/12/2019
A atuação do enfermeiro frente à gestante vivendo com HIV/AIDS|Lisie Alende Prates|25/04/2019 - 20/12/2019
A Efetividade da técnica de Dessensibilização empregada no tratamento de Mama Fantasmas em mulheres mastectomizadas no município de Uruguaiana|Angela Kemel Zanella|01/07/2018 - 01/07/2020
A Formação em Educação Ambiental de Licenciandos dos Cursos de Graduação em Ciências da Natureza|Karina Braccini Pereira|30/10/2018 - 30/04/2021
A influência da Kinesio Taping como efeito proprioceptivo na anteriorização da cervical em trabalhadores usuários de computador|Angela Kemel Zanella|01/08/2017 - 01/08/2019
A inserção do fisioterapeuta na atenção básica à saúde: Um olhar do agente comunitário de saúde (ACS).|Angela Kemel Zanella|01/07/2017 - 01/07/2019
A reativação como estratégia para promoção da persistência da extinção da memória aversiva|Liane da Silva de Vargas|03/06/2019 - 30/06/2020
A vivência de mulheres-primíparas no parto e puerpério|Lisie Alende Prates|25/04/2019 - 20/12/2019
Ácidos Graxos Não Esterificados (NEFAS) e Beta-Hidroxibutirato (BHBA) interferem na regulação da divergência folicular em bovinos?|Paulo Bayard Dias Gon|06/08/2018 - 31/12/2022
Adaptações neuromecânicas agudas e crônicas ao treinamento de força máxima e potência de membros inferiores|Felipe Pivetta Carpes|01/08/2018 - 31/12/2021
ADAPTAÇÕES NEUROMECÂNICAS AGUDAS NOS MEMBROS INFERIORES EM RESPOSTA À CORRIDA DESCALÇA|Felipe Pivetta Carpes|01/09/2017 - 30/12/2019
ADAPTAÇÕES NEUROMECÂNICAS NA TÉCNICA DE CORRIDA EM RESPOSTA A MUDANÇA NA INCLINAÇÃO DO TERRENO E INTENSIDADE DE ESFORÇO|Felipe Pivetta Carpes|01/09/2017 - 30/08/2019
Adesão, permanência e barreiras percebidas na prática do futebol|Phillip Vilanova Ilha|29/08/2017 - 31/12/2020
Água extraída da banana (WEB) como solvente e catalisador na síntese de compostos orgânicos de selênio|Juliano Braun de Azeredo|01/08/2018 - 31/07/2020
Análise comparativa de três estratégias ventilatórias no intra e pós operatório de cirurgia geral de pacientes internados.|Antonio Adolfo Mattos de Castro|10/10/2017 - 10/10/2019
Análise da qualidade de vida de idosos frequentadores de grupos de convivência no município de Uruguaiana  RS.|Graziela Morgana Silva Tavares|01/06/2018 - 31/12/2019
Análise de força muscular, flexibilidade e estabilidade de membros inferiores em atletas|Simone Lara|15/06/2017 - 15/06/2019
Análise de Indícios da Síndrome Burnout em Profissionais Atuantes nas Estratégias de Saúde da Família do Município de Uruguaiana  RS|Marília Teresa de Oliveira|11/03/2019 - 11/03/2022
ANÁLISE DO EFEITO AGUDO DA AURICULOTERAPIA NA DOR E AUTOPERCEPÇÃO DE SAÚDE DO IDOSO.|Angela Kemel Zanella|01/01/2019 - 31/12/2020
Análise do equilíbrio e postura de idosos antes e após a intervenção pelo método Pilates- Um ensaio clínico randomizado|Graziela Morgana Silva Tavares|28/03/2019 - 31/12/2019
Análise do perfil dos idosos atendidos no ambulatório e/ou internados por quedas em um hospital, e o risco de novas quedas no período de internação e 1 ano após a alta hospitalar.|Graziela Morgana Silva Tavares|05/06/2017 - 31/12/2020
Análise dos fatores de risco/complicações para evolução clínica dos pacientes submetidos à cirurgia cardíaca: ume estudo retrospectivo.|Antonio Adolfo Mattos de Castro|05/05/2017 - 05/05/2019
ANÁLISE FÍSICO FUNCIONAL COMPARATIVA ENTRE CRIANÇAS SEDENTÁRIAS E PRATICANTES DE DIFERENTES MODALIDADES ESPORTIVAS|DANIELA VIROTE KASSICK MULLER|10/04/2019 - 30/12/2020
Análise in vitro dos efeitos do Cádmio sobre espermatozoides bovinos|Daniela dos Santos Brum|02/01/2018 - 31/12/2019
Análise temporal dos preços da pecuária de corte na região da Fronteira Oeste do Rio Grande do Sul|Marco Aurélio Alves de Souza|01/05/2019 - 31/12/2019
Anatomia das Espécies Neotropicais da Ordem Carnivora|Paulo de Souza Junior|01/04/2017 - 01/04/2021
Aspectos clinicopatológicos e patogenéticos no estudo e monitoramento das doenças de ruminantes e equinos na mesorregião Sudoeste Rio-Grandense|Bruno Leite dos Anjos|01/06/2017 - 31/05/2020
Assédio sexual no contexto universitário: uma realidade a ser visibilizada e combatida|Fabiane Ferreira da silva|13/08/2018 - 20/12/2019
Assinaturas da competência embrionária|Mateus José Sudano|14/02/2017 - 13/02/2020
ASSOCIAÇÃO ENTRE FUNÇÃO EXECUTIVA, DESEMPENHO MOTOR E ESCOLAR EM CRIANÇAS DE 6/7 ANOS DE IDADE.|Eloa Maria dos Santos Chiquetti|01/11/2018 - 15/12/2019
Atividade Física, Aptidão Física e Estado Nutricional em Escolares de Uruguaiana/RS: Análise Temporal 2011-2018.|Saulo Menna Barreto Dias|01/06/2018 - 31/12/2019
Atovaquona incorporada em nanoemulsões modificadas com transferrina: correlação entre atividade antimalárica e estrutura supramolecular do carreador|Fernanda Bruxel|01/02/2017 - 31/12/2020
Atuação de enfermeiros e médicos da atenção primária à saúde no tratamento conservador da doença renal crônica|Raquel Pötter Garcia|03/08/2018 - 31/12/2019
Atuação do enfermeiro na Educação Infantil para prevenção e promoção do desenvolvimento neuropsicomotor de crianças entre 4 e 6 anos|Michele Bulhosa de Souza|02/05/2019 - 02/05/2021
AURICULOTERAPIA E BANDAGEM ELÁSTICA FUNCIONAL PARA O TRATAMENTO DA ENXAQUECA|Angela Kemel Zanella|01/01/2018 - 31/12/2019
Avaliação comparativa da reação inflamatória no líquido peritoneal de equinos submetidos a orquiectomia a campo e em bloco cirúrgico|Claudia Acosta Duarte|01/05/2019 - 30/04/2021
Avaliação da atividade antifúngica in vitro de micropartículas de diidroxiacetona|Cheila Denise Ottonelli Stopiglia|01/07/2018 - 31/12/2019
Avaliação da atividade antimicrobiana e estabilidade oxidativa de Nanocápsulas contendo diferentes óleos essenciais.|Eduardo André Bender|01/01/2018 - 31/12/2019
Avaliação da exposição ex vivo de leucócitos humanos a metais pesados: Aspectos genotóxicos, mutagênicos e citotóxicos|Luís Flávio Souza de Oliveira|15/06/2017 - 15/06/2020
Avaliação da hemocompatibilidade e potencial genotóxico de nanocápsulas poliméricas co-encapsuladas com atorvastatina e diferentes óleos.|Eduardo André Bender|15/11/2018 - 31/03/2020
Avaliação da interação in vitro de agentes antifúngicos e anti-inflamatórios não esteroidais frente às células planctônicas e formadoras de biofilme do complexo Sporothrix schenckii|Cheila Denise Ottonelli Stopiglia|01/03/2018 - 31/08/2021
Avaliação da percepção dos cuidadores de crianças sobre puericultura através do PCATool em uma Estratégia de Saúde da Família.|Rodrigo de Souza Balk|01/10/2018 - 01/10/2020
Avaliação da produção de carbapenemases em enterobactérias de origem comunitária e hospitalar da cidade de Uruguaiana|Vanessa Bley Ribeiro|20/05/2017 - 31/12/2020
Avaliação da Qualidade de Vida e Perfil Epidemiológico de Indivíduos Portadores de Hipertensão Arterial Pulmonar (HAP) no município de Uruguaiana (RS).|Nelson Serrão|01/05/2017 - 31/05/2020
AVALIAÇÃO DA REDE DE CUIDADOS INTEGRAL À PESSOA COM DEFICIÊNCIA NO SUS  REDECIN  URGUAIANA/UNIPAMPA|Angela Kemel Zanella|01/04/2019 - 01/04/2021
Avaliação da síndrome metabólica e risco cardiovascular em pacientes portadores da hepatite C no município de Uruguaiana/RS.|Eduardo André Bender|01/09/2018 - 31/07/2020
Avaliação das alterações morfofuncionais musculares em resposta aos estímulos de corrida e natação em camundongos|Morgana Duarte da Silva|27/06/2018 - 26/06/2020
Avaliação das composições químicas, das atividades farmacológicas e/ou biológicas e da toxicidade de espécies vegetais empregadas na medicina popular do Rio Grande do Su|Fabiane Moreira Farias|15/01/2018 - 15/01/2020
Avaliação das estratégias de ensino de Fisiologia Humana no Curso de Medicina: percepção dos estudantes sobre a aprendizagem e o desenvolvimento de competências profissionais|Lidiane Dal Bosco|25/03/2019 - 30/04/2022
Avaliação das potencialidades de uso de fármacos nanoencapsulados  na gestação|sandra elisa haas|01/04/2019 - 31/12/2021
Avaliação de diferentes instrumentos e locais para aferição da temperatura corporal em equinos|Marcos da Silva Azevedo|01/07/2018 - 30/06/2019
Avaliação do efeito antioxidante de frutas nativas da região Sul do Brasil na terapia do câncer.|Cristiane Casagrande Denardin|16/10/2017 - 16/10/2020
Avaliação do efeito neuroprotetor da quercetina em camundongos expostos ao glifosato|Francielli Weber Santos Cibin|05/03/2018 - 05/02/2020
Avaliação do impacto ambiental causado pela atividade aquícola no córrego Felizardo, Uruguaiana, RS|Carlos Frederico Ceccon Lanes|01/05/2017 - 01/05/2019
Avaliação do impacto de ações para divulgação da neurociência junto à comunidade escolar de Uruguaiana/RS|Pâmela Billig Mello Carpes|15/06/2018 - 30/10/2019
Avaliação do possível efeito sinérgico e/ou cumulativo da administração concomitante de dois metais pesados sobre paramêtros cardiovasculares, reprodutores e de estresse oxidativo de ratos em modelo agudo e crônico de exposição.|Giulia Alesandra Wiggers Peçanha|30/05/2018 - 30/04/2020
Avaliação do Potencial Toxicológico e Farmacológico de Produtos Naturais Utilizando Drosophila melanogaster como Modelo Biológico|Robson Luiz Puntel|15/03/2018 - 28/02/2022
Avaliação do uso de substâncias para o aumento do desempenho acadêmico entre universitários da Universidade Federal do Pampa, Campus Uruguaiana.|Fabiane Moreira Farias|02/10/2018 - 31/07/2019
Avaliação dos efeitos da suplementação com diferentes extratos de Citrus máxima (pomelo) sobre parâmetros bioquímicos, toxicológicos e de expressão gênica em modelos animais de doenças crônico-metabólicas|VANUSA MANFREDINI|01/03/2018 - 01/03/2021
Avaliação dos efeitos de flavorizantes alimentares sob células do sistema imune: aspectos oxidativos, genotoxicológicos e apoptóticos.|VANUSA MANFREDINI|03/08/2017 - 03/08/2019
Avaliação dos efeitos do extrato aquoso das folhas e frutos de Citrus maxima (Pomelo) em ratos Wistar submetidos à indução de esteatose hepática não alcoólica por dieta rica em frutose|VANUSA MANFREDINI|01/01/2018 - 31/12/2019
AVALIAÇÃO DOS EFEITOS TÓXICOS DA EXPOSIÇÃO INALATÓRIA AO TOLUENO UTILIZANDO O MODELO ALTERNATIVO Caenorhabditis elegans.|Daiana Silva de Ávila|01/05/2018 - 01/02/2020
Avaliação dos efeitos ventilatórios e hemodinâmicos de exercícios respiratórios realizados sobre a plataforma vibratória em indivíduos saudáveis.|Giulia Alesandra Wiggers Peçanha|01/07/2017 - 01/07/2019
Avaliação dos principais mecanismos de resistência em isolados clínicos laboratoriais e hospitalares da região da fronteira oeste do Rio Grande do Sul|Vanessa Bley Ribeiro|20/05/2017 - 31/12/2019
Avaliação e monitoramento das propriedades do solo e parâmetros da água relacionados à produção de organismos aquáticos em viveiros escavados em terra pertencentes ao centro de tecnologia em pesca e aquicultura da Universidade Federal do Pampa|DIONI GLEI BONINI BITENCOURT|17/03/2018 - 17/03/2020
Avaliação fitoquímica do ipê-amarelo Tabebuia chrysotricha e seu efeito antiofídico frente ao veneno de Philodryas patagoniensis|Vanderlei Folmer|01/05/2017 - 30/04/2020
Avaliação Genotoxicológica de Óleos Vegetais de Temperos Alimentares em Células Humanas  Eles São Seguros?|Michel Mansur Machado|07/03/2018 - 31/12/2019
Avaliação Imunotoxicológica de Maleato de Dexclorfeniramina em Cultura Celular|Michel Mansur Machado|01/03/2017 - 31/07/2019
Avaliação Postural Informatizada em Gestantes com Lombalgia nos diferentes trimestres gestacionais com o uso de Bandagem Elástica Neuromuscular|Nelson Serrão|01/05/2018 - 31/12/2019
Avaliação toxicológica de glifosato e clorpirifos e suas formulações comerciais em Caenorhabditis elegans|Daiana Silva de Ávila|02/07/2017 - 01/07/2019
AVALIAÇÃO TOXICOLÓGICA DO URÂNIO EM Artêmia salina: ENVOLVIMENTO DO ESTRESSE OXIDATIVO|Daniel Henrique Roos|01/03/2017 - 02/03/2021
Avaliação, Detecção e Intervenção precoce com bebês de risco: um estudo longitudinal.|Eloa Maria dos Santos Chiquetti|01/02/2019 - 20/12/2020
Azolla caroliniana na alimentação de carpa (Cyprinus carpio nishikigoi)|Antonio Cleber da Silva Camargo|01/05/2018 - 30/12/2020
Barreiras, facilitadores e motivação para a prática amadora do tênis em adultos.|Saulo Menna Barreto Dias|31/08/2018 - 31/07/2019
Caracterização da epidemia de HIV/Aids no município de Uruguaiana/RS: monitoramento e vigilância dos óbitos por meio da estratégia de Comitê de Mortalidade por Aids|Lucas Pitrez da Silva Mocellin|01/01/2019 - 31/12/2020
Caracterização genética, antigênica e biológica de pestivírus isolados em bovinos|Mário Celso Sperotto BRum|02/04/2018 - 20/12/2020
Clorexidina Comercial e Nanoemulsa?o de Clorexidina na antissepsia in vitro e in vivo|Diego Beckmann|01/08/2018 - 31/12/2019
Coloração citoquímica  na diferenciação entre mesotélio reativo e células neoplásicas em amostras de líquidos cavitários de cães e gatos|Mauren Picada Emanuelli|01/01/2018 - 31/12/2021
Comparação da taxa de sucesso de desmame ventilatório entre os índices integrativos de desmame e desmame convencional em pacientes neurocríticos em ventilação mecânica internados em UTI.|Antonio Adolfo Mattos de Castro|08/08/2018 - 08/12/2020
Comparação entre massagem modeladora e Manthus® na redução de medidas|Angela Kemel Zanella|01/08/2017 - 01/08/2019
Comparação entre métodos de seleção do tubo endotraqueal em cães|Roberto Thiesen|01/08/2018 - 30/07/2019
Conhecimento de mulheres com diagnóstico de câncer de mama em tratamento oncológico acerca das Práticas Integrativas e Complementares de Saúde|BRUNA STAMM|01/09/2018 - 30/12/2020
Conhecimento de usuárias da atenção básica sobre fatores de risco para câncer de mama, autoexame das mamas e mamografia|Fernanda Vargas Ferreira|02/05/2019 - 31/12/2019
Contribuições de intervenções formativas na (re)construção de práticas de Promoção da Saúde nas Estratégias Saúde da Família e escolas adstritas|Phillip Vilanova Ilha|15/03/2018 - 31/12/2020
CONTROLE DA OVULAÇÃO EM BOVINOS E SUÍNOS|Paulo Bayard Dias Gon|15/02/2019 - 31/12/2021
Cotidiano das pessoas com diabetes mellitus após amputação de membros inferiores|Raquel Pötter Garcia|30/07/2018 - 31/12/2020
Cotidiano de um serviço de nefrologia localizado na fronteira-oeste do Rio Grande do Sul|Raquel Pötter Garcia|22/09/2018 - 31/07/2019
Cuidados paliativos em neonatologia: é necessário falar sobre esse assunto com a equipe de enfermagem?|Kelly Dayane Stochero Velozo|01/07/2019 - 31/12/2021
Decisões sobre Micro-alocação de Recursos nas Unidades de Terapia Intensiva de um Hospital da Fronteira Oeste, RS|Juliana Lopes de Macedo|02/05/2017 - 20/12/2019
Depressão Pós-Parto: Identificação de casos e encaminhamento realizados por enfermeiras|Jussara Mendes Lipinski|04/01/2019 - 20/12/2019
Desafios e articulações para identificação, melhoria ou reestruturação dos currículos de graduação da UNIPAMPA, Campus Uruguaiana, através da temática do meio ambiente|Marcus Querol|11/04/2018 - 13/12/2019
Desempenho reprodutivo de novilhas, vacas desmamadas e vacas amamentando submetidas à IATF ou IAETF.|Guilherme de Medeiros Bastos|25/03/2019 - 31/03/2020
Desenvolvimento de formulações inovadoras contendo candidatos a fármacos para o tratamento da Leishmaniose canina e humana|sandra elisa haas|01/03/2017 - 31/12/2019
Desenvolvimento de formulações inovadoras contendo fármacos anti-inflamatórios para o tratamento de doenças neurodegenerativas como a doença de Alzheimer|sandra elisa haas|01/03/2017 - 31/12/2019
Desenvolvimento de metodologia analítica, estudo da estabilidade, impurezas e segurança biológica da tirofibana|Marcelo Donadel Malesuik|20/01/2017 - 19/01/2021
Desenvolvimento de métodos indicativos de estabilidade e estudos de segurança biológica de fármacos e impurezas.|CLESIO SOLDATELI PAIM|01/03/2018 - 01/03/2022
Desenvolvimento de nanocápuslas poliméricas de curcumina e seu efeito na performance reprodutiva e sobre os fetos de ratas tratadas durante a gravidez|PAULO EMILIO BOTURA FERREIRA|05/06/2018 - 05/12/2020
Desenvolvimento de nanopartículas poliméricas contendo curcumina e licopeno co-encapsulados e avaliação citotóxica in vitro em linhagem celular de câncer de próstata|Leticia Marques Colomé|21/03/2018 - 21/03/2020
Desenvolvimento de sistemas nanométricos inovadores multifuncionais para delivery cerebral|sandra elisa haas|01/05/2019 - 31/12/2021
Desenvolvimento de Testes de Dissolução in vitro de Medicamentos|LISIANE BAJERSKI|05/05/2018 - 05/03/2021
Desenvolvimento de um modelo de benchmarking para a bovinocultura de corte|Ricardo Pedroso Oaigen|01/02/2018 - 31/12/2019
DESENVOLVIMENTO E IMPLEMENTAÇÃO DE UM PROTOCOLO PARA ANTIBIOTICOPROFILAXIA NO CENTRO CIRÚRGICO DO HOSPITAL SANTA CASA DE CARIDADE DE URUGUAIANA/RS|Camila Simonetti Pase|01/08/2018 - 31/12/2019
Determinando os efeitos in vitro de extratos vegetais em enzimas chave no sistema cardiovascular.|Cleci Menezes Moreira|01/08/2018 - 01/08/2019
Diagnóstico Epidemiológico e Farmacoterapêutico de Pacientes Vivendo com HIV/Aids Coinfectados no município de Uruguaiana/RS|sandra elisa haas|20/06/2018 - 31/12/2020
Digestibilidade dos nutrientes e energia da dieta de leitões com a adição de complexo multienzimático|Carlos Alexandre Oelke|12/10/2018 - 22/12/2019
DISTRIBUIÇÃO DAS FIBRAS IMUNORREATIVAS AO HORMÔNIO CONCENTRADOR DE MELANINA E OREXINA A NO NÚCLEO MOTOR DO NERVO VAGO, estudo experimental em ratos.|João Cleber Theodoro de Andrade|01/06/2017 - 31/12/2019
Educação e saúde no contexto escolar: Inserção do Programa FIFA 11 pela Saúde|Simone Lara|01/03/2017 - 31/12/2019
Educação inclusiva: contribuições das intervenções formativas desenvolvidas com professores do ensino fundamental em uma escola da rede municipal.|Rodrigo de Souza Balk|15/06/2018 - 15/12/2019
Efeito agudo do exercício físico em diferentes horas do dia sobre o desempenho neuromuscular e cognitivo em humanos.|Marcos Roberto Kunzler|01/11/2017 - 01/12/2021
Efeito da cafeína e do treinamento aeróbico sobre as alterações bioquímicas induzidas pelo tratamento com frutose|Leonardo Magno Rambo|20/08/2018 - 20/08/2020
EFEITO DA DOR MUSCULAR DE INÍCIO TARDIO NO CONTROLE DE MOVIMENTOS|Felipe Pivetta Carpes|15/11/2018 - 31/12/2020
Efeito da radiofrequência não ablativa sobre estrias.|Angela Kemel Zanella|01/08/2018 - 01/08/2020
Efeito da redução do volume de Percoll na seleção espermática de sêmen bovino sexado|Daniela dos Santos Brum|02/01/2018 - 31/12/2019
Efeito da suplementação com probióticos em um modelo animal de depressão|Francielli Weber Santos Cibin|05/03/2018 - 05/02/2020
Efeito da utilização de um complexo multienzimático na dieta de leitões sobre a digestibilidade dos nutrientes e desempenho produtivo|Carlos Alexandre Oelke|28/02/2018 - 25/05/2019
EFEITO DE DIFERENTES TÉCNICAS DE LIBERAÇÃO MIOFASCIAL NA FUNÇÃO NEUROMUSCULAR|Felipe Pivetta Carpes|01/07/2018 - 01/07/2020
Efeito do exercício físico sobre tarefas cognitivas em idosas|Marcos Roberto Kunzler|01/09/2017 - 01/12/2019
EFEITO DO HIDROLISADO DE CLARA DE OVO COMO POSSÍVEL PROTETOR DAS ALTERAÇÕES NOS SISTEMAS CARDIOVASCULAR E REPRODUTOR PROMOVIDAS PELA EXPOSIÇÃO CRÔNICA AO CLORETO DE CÁDMIO EM RATOS.|Giulia Alesandra Wiggers Peçanha|30/05/2018 - 30/05/2022
EFEITO DO HIDROLISADO DE CLARA DE OVO COMO POSSÍVEL PROTETOR DAS ALTERAÇÕES NOS SISTEMAS CARDIOVASCULAR E REPRODUTOR PROMOVIDAS PELA EXPOSIÇÃO SUB-CRÔNICA AO CLORETO DE CÁDMIO EM RATOS.|Giulia Alesandra Wiggers Peçanha|25/06/2018 - 25/09/2020
Efeito do microagulhamento em estrias atróficas|Angela Kemel Zanella|01/01/2018 - 31/12/2019
Efeito do Resveratrol na criopreservação de sêmen equino|Daniela dos Santos Brum|02/01/2018 - 02/01/2020
Efeito do resveratrol sobre as varicosidades VIP-IR do plexo mioentérico do intestino delgado de ratos com diabetes experimental|PAULO EMILIO BOTURA FERREIRA|20/07/2017 - 20/12/2019
Efeito do y-oryzanol em carneiros com degeneração testicular induzida por insulação escrotal|Francielli Weber Santos Cibin|10/11/2016 - 10/10/2020
Efeito terapêutico da laserterapia em pontos de acupuntura como método de reabilitação nas lesões nervosas periféricas.|Daniel Ventura Dias|03/08/2017 - 03/08/2019
EFEITOS AGUDOS E CRÔNICOS DO EXERCÍCIO SOBRE PADRÕES NEUROMECÂNICOS DA LOCOMOÇÃO DE IDOSOS|Felipe Pivetta Carpes|01/06/2017 - 20/02/2020
EFEITOS DA AUTO-LIBERAÇÃO MIOFASCIAL SOBRE A DOR LOMBAR E O DESEMPENHO DE CORREDORES|Felipe Pivetta Carpes|30/07/2017 - 30/12/2019
Efeitos da exposição crônica ao cloreto de cobre (CuCl2) sobre parâmetros cardiovasculares, reprodutores e de estresse oxidativo de ratos.|Giulia Alesandra Wiggers Peçanha|15/10/2017 - 15/12/2019
EFEITOS DA MANIPULAÇÃO DA TEMPERATURA DOS MEMBROS INFERIORES NO CONTROLE POSTURAL|Felipe Pivetta Carpes|01/11/2018 - 31/12/2019
Efeitos da prática de exercício físico durante a gestação no déficit de memória induzido pela deprivação maternal na prole|Pâmela Billig Mello Carpes|15/08/2018 - 30/06/2020
Efeitos da terapia cognitiva e do exercício físico em um modelo animal de Doença de Alzheimer|Pâmela Billig Mello Carpes|10/05/2017 - 02/01/2021
Efeitos de um programa de prevenção de lesões em militares|Simone Lara|01/12/2017 - 01/07/2019
Efeitos de uma sessão de exercício físico na extinção da memória aversiva|Pâmela Billig Mello Carpes|15/02/2018 - 31/12/2019
Efeitos de uma sessão única de exercício anaeróbico sobre o déficit cognitivo relacionado à Doença de Alzheimer|Leticia Rossi Dare|20/01/2018 - 20/01/2020
Efeitos do Alumínio sobre o Sistema Nervoso Periférico em Ratos|Franck Maciel Peçanha|01/03/2017 - 31/12/2019
EFEITOS DO LASER DE BAIXA INTENSIDADE NO TRATAMENTO DE LESÃO NERVOSA PERIFÉRICA EM RATOS INDUZIDA POR ESMAGAMENTO|Eloá Ferreira Yamada|01/03/2019 - 30/06/2020
EFEITOS DO MÉTODO PILATES NA FLEXIBILIDADE E QUALIDADE DE VIDA DE UNIVERSITÁRIOS FISICAMENTE INATIVOS|Angela Kemel Zanella|01/08/2017 - 01/08/2019
Efeitos do uso da Realidade Virtual em indivíduos tabagistas de Uruguaiana/RS|Nelson Serrão|01/05/2018 - 31/12/2019
EFEITOS FARMACOLÓGICOS E TÓXICOS DE EXTRATOS DE UMA GRAMÍNEA RÚSTICA.|Cleci Menezes Moreira|01/03/2019 - 28/02/2023
Efeitos terapêuticos de nanocápsulas poliméricas de meloxicam na isquemia e reperfusão cerebral em ratos|Simone Pinton|01/03/2019 - 01/03/2021
Elaboração de Protocolo Assistencial de Sedação e Analgesia em Unidade de Terapia Intensiva Adulta|Daiana Silva de Ávila|01/11/2018 - 01/11/2019
Eletrocardiografia em ratos Wistar machos sob diferentes protocolos anestésicos e temperaturas corporais.|João Paulo da Exaltação Pascon|10/08/2018 - 10/08/2020
Ensino de Fisiologia no Brasil  Desafios de Hoje, Necessidades do Amanhã|Pâmela Billig Mello Carpes|25/04/2017 - 30/04/2019
Ensino e aprendizagem de Ciências no Ensino Fundamental: uma pesquisa-ação colaborativa construindo oportunidades de formação continuada a docentes de Alegrete-RS|Daniel Henrique Roos|02/01/2019 - 31/03/2020
Envelhecimento e Saúde: estudo sobre os usuários de um Grupo de Idosos da Estratégia de Saúde da Família|Juliana Lopes de Macedo|06/09/2018 - 20/12/2019
ENVOLVIMENTO DO SISTEMA DOPAMINÉRGICO E SEUS  DIFERENTES RECEPTORES NO DÉFICIT DE MEMÓRIA INDUZIDO PELA DEPRIVAÇÃO MATERNAL|Pâmela Billig Mello Carpes|01/08/2018 - 31/12/2019
Esterilização química em ratas|Maria Lígia de Arruda Mistieri|15/08/2018 - 31/03/2020
Estratégias de cuidado voltadas para mulheres com gestação de alto risco: um estudo na ótica de enfermeiros|Lisie Alende Prates|25/04/2019 - 20/12/2019
ESTRATÉGIAS PARA MINIMIZAR OU EVITAR O DÉFICIT DE MEMÓRIA INDUZIDO PELA DEPRIVAÇÃO MATERNAL A PARTIR DA MANIPULAÇÃO DO SISTEMA DOPAMINÉRGICO|Pâmela Billig Mello Carpes|02/01/2018 - 31/12/2019
Estudo  fitoquímico - farmacológico de plantas medicinais e  fitorremediação|Elton Luís Gasparotto Denardin|01/03/2018 - 28/02/2022
Estudo de aglomerados estelares utilizando dados ESO-VVV: diagramas cor-magnitude e estrutura.|Eliade Ferreira Lima|26/01/2017 - 31/12/2020
Estudo de contaminantes no meio ambiente: Fitorremediação e aspectos neurotóxicos|Elton Luís Gasparotto Denardin|01/02/2019 - 31/01/2023
Estudo de viabilidade de fitorremediação de recursos hídricos contaminados por compostos orgânicos|Rafael Roehrs|01/08/2018 - 31/12/2021
Estudo sobre o grau de consciência de adolescentes sobre a posse responsável de animais|Marcelo Dal Pozzo|12/03/2018 - 12/03/2021
Estudo, planejamento e aplicação de metodologias In silico e estatísticas no desenvolvimento de fármacos e substâncias bioativas|Fávero Reisdorfer Paula|01/02/2019 - 31/01/2021
Estudos da judicialização da violência de gênero e difusão de práticas alternativas numa perspectiva comparada entre Brasil e Argentina  - estudo de caso em Uruguaiana|Alinne de Lima Bonetti|15/03/2018 - 31/07/2020
EXERCÍCIOS MULTICOMPONENTES COMO ESTRATÉGIA PARA RETARDAR A PERDA DE MEMÓRIA ASSOCIADA AO ENVELHECIMENTO|Pâmela Billig Mello Carpes|15/10/2018 - 31/10/2021
Experimentação no ensino de Ciências: a percepção de professores dos anos finais do Ensino Fundamental das escolas de Uruguaiana- RS|Mara Regina Bonini Marzari|25/05/2018 - 04/03/2020
Expressão do gene VDR, consumo alimentar e níveis séricos de vitamina D na população negra|Jacqueline da Costa Escobar Piccoli|01/04/2019 - 31/12/2022
Fatores associados à depressão e ansiedade em estudantes de medicina da Universidade Federal do Pampa, campus Uruguaiana - RS|Camila Simonetti Pase|01/09/2018 - 31/12/2019
Fatores desencadeantes de lesão renal aguda em pacientes internados em Unidade de Terapia Intensiva|Raquel Pötter Garcia|05/05/2018 - 31/07/2019
Fatores motivacionais relacionados à prática de corrida de rua por mulheres em Uruguaiana/RS|Susane Graup|01/04/2019 - 30/04/2020
Fatores preditores de quedas em idosos domiciliados: ações de enfermagem e saúde|CENIR GONCALVES TIER|08/07/2017 - 31/12/2019
FATORES QUE INFLUENCIAM NO ALEITAMENTO MATERNO: SOB O OLHAR DAS PUÉRPERAS|Jussara Mendes Lipinski|15/08/2018 - 15/07/2019
Financiamento e custo do atendimento do paciente com infarto agudo do miocárdio em um serviço de alta complexidade do Sistema Único de Saúde da Fronteira Oeste do Rio Grande do Sul|JOSEFINE BUSANELLO|30/03/2019 - 12/12/2021
Identificação de potenciais marcadores genéticos em afrodescendentes|Jacqueline da Costa Escobar Piccoli|01/06/2018 - 31/12/2019
Identificação e caracterização de Leishmania sp. em animais domésticos|Irina Lubeck|03/01/2018 - 23/12/2020
Impacto das intervenções de enfermagem na redução da síndrome da fragilidade em idosos|LETICE DALLA LANA|01/04/2019 - 30/08/2021
Implantação de sistema de bioflocos (BFT) em três condições iniciais de qualidade da água|Catia Veiverberg|01/03/2018 - 31/12/2019
Inclusão escolar na perspectiva docente: Identificando dificuldades, ações e conteúdos para prover a Formação de Professores|Jaqueline Copetti|10/06/2018 - 31/07/2021
Indicadores de severidade clínica em cães com degeneração mixomatosa de valva mitral.|João Paulo da Exaltação Pascon|01/11/2018 - 25/12/2020
ÍNDICES REPRODUTIVOS E DESENVOLVIMENTO OVOCITÁRIO DE JUNDIÁ (Rhamdia quelen) EM DIFERENTES ÁGUAS NO PERÍODO DE INCUBAÇÃO|Giovani Taffarel Bergamin|01/06/2018 - 01/06/2019
INERVAÇÃO DA REGIÃO DISTAL DOS MEMBROS TORÁCICOS DE EQUINOS DA RAÇA CRIOULA|Paulo de Souza Junior|02/04/2018 - 30/09/2019
INFLUÊNCIA DA REALIDADE VIRTUAL NO EQUILIBRIO POSTURAL DE MULHERES EM DIFERENTES FAIXAS ETÁRIAS.|DANIELA VIROTE KASSICK MULLER|15/05/2019 - 30/12/2020
INFLUÊNCIA DA SUPLEMENTAÇÃO COM ÓLEO DE PEIXE SOBRE PARÂMETROS DE DEPENDÊNCIA E RECAÍDA EM RATOS EXPOSTOS À ANFETAMINA|Camila Simonetti Pase|01/03/2018 - 01/03/2020
INFLUÊNCIA DO GENE ESTIMULADO POR INTERFERON 15 (ISG15) NO MECANISMO DE AUTOFAGIA DURANTE O DESENVOLVIMENTO EMBRIONÁRIO INICIAL EM BOVINOS|Paulo Bayard Dias Gon|01/08/2018 - 31/12/2020
Influência do período de armazenagem de ovos de galinhas caipiras, sobre o rendimento de incubação|Carlos Alexandre Oelke|01/09/2018 - 22/12/2019
INFLUÊNCIA DO PLASMA SEMINAL NA QUALIDADE DO SÊMEN OVINO CRIOPRESERVADO|Daniela dos Santos Brum|13/12/2018 - 01/03/2020
Inovação pedagógica na formação de profissionais do magistério/da educação.|Elena Maria Billig Mello|03/03/2016 - 30/12/2019
Interação Meio Ambiente, Corpo e Sexualidade: Reflexões acerca da abordagem de educadores/as|Vanderlei Folmer|01/08/2016 - 28/12/2021
Intervenções colaborativas no processo de desenvolvimento profissional docente, utilizando a temática promoção da saúde|Phillip Vilanova Ilha|03/08/2018 - 31/12/2020
Intervenções com metodologias ativas sobre fatores de risco para doenças crônicas na educação básica|Jaqueline Copetti|15/08/2017 - 30/07/2019
Intervenções formativas como ferramenta promotora de saúde mental de professores de Uruguaiana-RS|Rodrigo de Souza Balk|05/05/2019 - 05/05/2021
Investigação de alternativas terapêuticas para o tratamento de depressão em crianças e adolescentes|sandra elisa haas|01/05/2017 - 31/12/2019
Investigação do efeito de frutas nativas da região Sul do Brasil na adipogênese e obesidade|Cristiane Casagrande Denardin|16/10/2017 - 16/10/2021
Levantamento florístico das plantas herbáceas do Parque Estadual do Espinilho|Ailton Jesus Dinardi|01/03/2019 - 20/12/2019
MACROINVERTEBRADOS AQUÁTICOS COMO TEMA CONTEXTUALIZADOR INTEGRADOR PARA O ENSINO DE CIÊNCIAS NO ENSINO FUNDAMENTAL|Edward Frederico Castro Pessano|02/04/2018 - 31/12/2019
Marcadores da diferença, interseccionalidades e a produção de alteridades nos processos educativos e de socialização|Alinne de Lima Bonetti|15/04/2017 - 15/12/2020
Margem de segurança cirúrgica em tumores cutâneos de cães determinada por meio de ultrassonografia.|Maria Lígia de Arruda Mistieri|01/02/2018 - 31/12/2020
MECANISMOS ENVOLVIDOS NO EFEITO DE DIFERENTES TIPOS DE EXERCÍCIO FISICO SOBRE DÉFICITS COGNITIVOS E FUNCIONAIS EM MODELOS ANIMAIS DE DIFERENTES ESTÁGIOS DA DOENÇA DE ALZHEIMER|Pâmela Billig Mello Carpes|01/09/2018 - 30/08/2020
Medicina Chinesa e Saúde Mental: contribuições ao SUS e à relação mente-corpo segundo a episteme oriental e a antropologia médica|Gustavo Ruiz Chiesa|01/07/2018 - 01/12/2020
Medidas de prevenção, dinâmica de transmissão e estratégias de controle da tuberculose no município de Uruguaiana|Luciana de Souza Nunes|02/04/2019 - 31/12/2022
Meloxicam comercial e meloxicam nanoencapsulado como adjuvante no controle da dor trans e pós-operatória em cadelas submetidas à ovariohisterectomia|Marília Teresa de Oliveira|01/08/2018 - 01/10/2020
Meloxicam comercial e meloxicam nanoencapsulado como adjuvante no controle da dor trans e pós-operatória em cadelas submetidas à ovariohisterectomia|Marília Teresa de Oliveira|15/12/2017 - 15/12/2019
Mentol e óleo de Lippia alba como anestésicos de Guppies (Poecilia reticulata)|Alessandra Sayuri Kikuchi Tamajusuku Neis|01/03/2018 - 31/12/2019
Modulação da estrutura e função da cromatina em embriões produzidos por transferência nuclear|Paulo Bayard Dias Gon|01/08/2018 - 31/12/2022
Monitoramento de Infecções HIV nos Municípios da 10º Coordenadoria de Saúde do Estado do Rio Grande do Sul.|Michel Mansur Machado|01/02/2017 - 31/12/2020
Mudança de Comportamento e Espaços de Lazer para a Prática de Atividade Física.|Saulo Menna Barreto Dias|01/09/2018 - 31/12/2019
MULHERES NEGRAS NA CIÊNCIA: PRESENÇAS E AUSÊNCIAS NA UNIVERSIDADE FEDERAL DO PAMPA|Fabiane Ferreira da silva|15/09/2018 - 30/06/2020
Nanoemulsões catiônicas: caracterização físico-química e avaliação da toxicidade em modelo Caenorhabditis elegans|Fernanda Bruxel|01/02/2017 - 31/12/2019
O efeito da Terapia Combinada associada ou não com Fonoforese no Fibro edema gelóide.|Morgana Duarte da Silva|03/07/2018 - 03/07/2020
O ensino de ciências na Educação Infantil: As percepções dos docentes frente ao ensino de ciências e suas implicações na formação dos indivíduos|Fernanda do Amaral Ximendes|25/06/2018 - 31/12/2019
Óleos essenciais de plantas na conservação da carne de peixes|Alexandra Pretto|18/03/2019 - 31/12/2020
Opiniões de professores de ciências do ensino fundamental sobre trabalhar o tema sexualidade em sala de aula|Jaqueline Copetti|17/09/2018 - 31/12/2019
Opiniões de professores sobre o desenvolvimento das ações de prevenção em saúde bucal em um município da fronteira oeste do Rio Grande do Sul|Betina Loitzenbauer da Rocha Moreira|15/04/2019 - 31/07/2020
OS BENEFÍCIOS QUE A PRÁTICA DE ATIVIDADE FÍSICA PROPORCIONA AOS USUARIOS: PROJETO DANTS-|Angela Kemel Zanella|01/08/2017 - 01/08/2019
Os efeitos do Método Pilates em crianças asmáticas|Simone Lara|15/09/2018 - 15/12/2021
Os significados, saberes e práticas de puérperas sobre o aleitamento materno|Lisie Alende Prates|25/04/2019 - 20/12/2019
OTIMIZAÇÃO DOS PROTOCOLOS DE SINCRONIZAÇÃO DA OVULAÇÃO EM PROGRAMAS DE IATF EM FÊMEAS BOS TAURUS|Fábio Gallas leivas|29/03/2019 - 31/12/2020
Percepção de professores sobre formação profissional docente e metodologias ativas: uma pesquisa-ação com base na problematização|Jaqueline Copetti|15/03/2019 - 30/06/2020
Percepção de saúde de estudantes de diferentes contextos socioeconômicos, realidade situacional e projeto pedagógico escolar: possíveis relações entre esses fatores|Simone Lara|01/07/2018 - 01/07/2021
Percepções dos(as) discentes da Universidade Federal do Pampa acerta da IST/AIDS|Fabiane Ferreira da silva|13/08/2018 - 20/12/2019
Perfil clínico e social dos pacientes internados na Unidade de Terapia Intensiva Adulto de um Hospital da Fronteira Oeste do RS|JOSEFINE BUSANELLO|17/04/2019 - 12/12/2020
Perfil dos pacientes críticos atendidos pelo serviço de fisioterapia de três hospitais do estado do Rio Grande do Sul: estudo multicêntrico de coorte prospectivo|Antonio Adolfo Mattos de Castro|10/03/2018 - 10/03/2020
PERFIL EPIDEMIOLÓGICO E CLÍNICO DAS PESSOAS VIVENDO COM HIV/AIDS NA REGIÃO DA FRONTEIRA OESTE DO RIO GRANDE DO SUL|João Felipe Peres Rezer|01/05/2019 - 01/08/2021
Perspectiva dos Profissionais do Projeto DANTs, sobre as dificuldades, desafios e adesão as práticas corporais e hábitos saudáveis através da Atividade Física no SUS.|Angela Kemel Zanella|01/08/2017 - 01/08/2019
Pesquisa de bactérias e vírus entéricos em produtos de origem animal comercializados em região de fronteira internacional do Rio Grande do Sul|Carolina Kist Traesel|15/03/2018 - 14/03/2020
Polimorfismo Val16Ala do gene da Superóxido Dismutase Dependente de Manganês e uso de agrotóxicos em pequenos produtores rurais de uma comunidade do interior do RS|Jacqueline da Costa Escobar Piccoli|01/06/2018 - 31/08/2020
Possíveis efeitos tóxicos em ecossistemas aquáticos próximos a lavouras de cultivo de arroz: estudos na água e em peixes|Alexandra Pretto|15/04/2019 - 31/12/2020
POTENCIAL EFEITO DO HIDROLISADO DE CLARA DE OVO EM ÓRGÃOS E TECIDOS ALVOS DE RATOS EXPOSTOS CRÔNICAMENTE AO CHUMBO.|Giulia Alesandra Wiggers Peçanha|01/08/2017 - 01/08/2019
Potencial forrageiro de gramíneas estivais na Fronteira Oeste do Rio Grande do Sul|Deise Dalazen Castagnara|12/03/2018 - 11/03/2021
Potencial nutricional de resíduos da cultura da batata doce para alimentação animal|Deise Dalazen Castagnara|12/03/2018 - 11/03/2021
Potencial nutricional do capim annoni para bovinos e bubalinos nas condições da Fronteira Oeste do RS|Fernando Passon Casagrande|24/03/2019 - 22/03/2021
Práticas integrativas no cuidado ao profissional da saúde: Chen Tai Chi Chuan como ferramenta na redução do estresse ocupacional e promoção da saúde e da qualidade de vida|Fabiane Moreira Farias|25/04/2017 - 15/12/2019
Prevalência de hperglicemia em pacientes criticamente enfermos|VANUSA MANFREDINI|30/05/2017 - 30/05/2019
Prevalência de Streptococcus agalactiae em gestantes de risco atendidas na rede pública de Uruguaiana/RS|Luciana de Souza Nunes|01/05/2018 - 30/12/2021
Prevenção de lesões por pressão associadas a dispositivos médicos em pacientes adultos em situações críticas de vida|JOSEFINE BUSANELLO|01/03/2019 - 12/12/2021
Processo de obtenção de um produto a base de produto natural e sua aplicação farmacêutica em doenças de pele|sandra elisa haas|01/04/2018 - 01/04/2020
Produção de jogos didáticos inclusivos para o ensino de Química|Mara Regina Bonini Marzari|26/09/2018 - 31/12/2019
Produção e conservação de silagens de milho e sorgo, por períodos prolongados de armazenamento, com uso de inoculantes microbiano e enzimático|Rodrigo Holz Krolow|01/01/2018 - 30/04/2021
Projeto de Pesquisa Integrado - Doenças Hepáticas e de Vias Biliares - Fase I.|Elizangela dos Anjos Silva|11/05/2018 - 11/05/2022
Projeto Global Asthma Network (GAN), Vigilância global: Prevalência, Gestão de Gravidade e Fatores de Risco.01/082|MARILYN NILDA ESTHER URRUTIA DE PEREIRA|01/08/2017 - 30/07/2019
PROJETO VIVA MELHOR: AÇÕES DE CONTRIBUIÇÃO PARA O SUS NO ENFRENTAMENTO DAS DOENÇAS E AGRAVOS NÃO TRANSMISSÍVEIS|Camila Simonetti Pase|01/01/2018 - 30/12/2019
PUERPÉRIO: COM A PALAVRA AS MULHERES|Jussara Mendes Lipinski|30/09/2018 - 30/09/2019
Qual a relação entre os testes de flexão, os bloqueios anestésicos e o diagnóstico, em equinos com claudicação nos membros pélvicos?|Marcos da Silva Azevedo|01/05/2019 - 31/12/2020
RELAÇÃO ENTRE CARGAS EXTERNAS E INTERNAS DE TREINAMENTO EM UMA SESSÃO E EM UMA TEMPORADA DE EXERCÍCIOS|Felipe Pivetta Carpes|01/03/2018 - 31/12/2021
Relação entre estresse metabólico e oxidativo em folículos ovarianos de bovinos|Paulo Bayard Dias Gon|15/02/2019 - 31/12/2022
SAÚDE SEXUAL E REPRODUTIVA DE MULHERES VIVENDO COM HIV ASSISTIDAS EM UM SERVIÇO DE ASSISTÊNCIA ESPECIALIZADA (SAE).|Vanessa Alvez Mora da Silva|01/05/2019 - 01/07/2021
SAÚDE, DIREITOS SEXUAIS E REPRODUTIVOS SOB A ÓTICA DE ADOLESCENTES|Fabiane Ferreira da silva|01/01/2019 - 20/12/2020
Sem filhos por opção: a perspectiva de mulheres diante dessa decisão|Jussara Mendes Lipinski|20/09/2018 - 20/07/2019
Sexagem, reprodução e larvicultura de tuviras (Gymnotus sp.)|Carlos Frederico Ceccon Lanes|01/02/2018 - 31/12/2020
Sífilis gestacional: uma interface entre os conhecimentos de gestantes e o cuidado desenvolvido por enfermeiros|Lisie Alende Prates|25/04/2019 - 20/12/2019
Soroprevalência para HIV/AIDS: Diagnóstico Situacional dos serviços de saúde mental na Fronteira Oeste do Rio Grande Sul -RS|João Felipe Peres Rezer|30/03/2019 - 30/12/2021
Título do Projeto	Avaliação do conhecimento sobre plantas medicinais e fitoterápicos entre enfermeiros e farmacêuticos de dois municípios da Fronteira Oeste do Rio Grande do Sul|Fabiane Moreira Farias|01/09/2018 - 30/08/2020
Título do Projeto	Estudo da utilização de diferentes métodos de aprendizagem de educação nutricional em escolares|Mauren Assis de Souza|01/08/2019 - 21/12/2021
Tratamento com eletrolipólise no fibro edema geloide: comparação de diferentes parâmetros.|Liane da Silva de Vargas|11/03/2019 - 11/03/2021
Uso da ventilação não invasiva como ferramenta de redução de complicações clínicas em pacientes com insuficiência respiratória aguda (IRpA) internados em unidades de emergência hospitalar.|Antonio Adolfo Mattos de Castro|20/10/2017 - 20/12/2019
Uso de extratos de frutas nativas como antioxidantes naturais em produtos cárneos.|Cristiane Casagrande Denardin|05/03/2018 - 30/04/2020
USO DE PLANTAS MEDICINAIS E MEDICAMENTOS ENTRE FAMÍLIAS ATENDIDAS POR AGENTES DE SAÚDE DE UM MUNICÍPIO DA REGIÃO NOROESTE DO ESTADO DO RIO GRANDE DO SUL|Fabiane Moreira Farias|15/11/2018 - 15/11/2020
Utilização de nanopartículas,  extratos e princípios ativos de Plantas medicinais no tratamento de doenças neurodegenerativas|Elton Luís Gasparotto Denardin|01/05/2017 - 30/04/2021
Validação de glicosímetro digital portátil como substituto ao método laboratorial de determinação de glicose em peixes|Catia Veiverberg|01/03/2018 - 31/12/2019
Valores Normativos Do Equipamento Neurocon Smart Equitest para a população idosa|Graziela Morgana Silva Tavares|01/11/2018 - 31/12/2020
Vigilância em Saúde: pesquisando estatísticas sobre pessoas privadas de liberdade|Leticia Silveira Cardoso|01/03/2018 - 31/12/2021